<?xml version="1.0" encoding="utf-8"?>

<!--

    Copyright (c) 2017-2019 MuK IT GmbH.

    This file is part of MuK Documents 
    (see https://mukit.at).

    This program is free software: you can redistribute it and/or modify
    it under the terms of the GNU Lesser General Public License as published by
    the Free Software Foundation, either version 3 of the License, or
    (at your option) any later version.

    This program is distributed in the hope that it will be useful,
    but WITHOUT ANY WARRANTY; without even the implied warranty of
    MERCHANTABILITY or FITNESS FOR A PARTICULAR PURPOSE.  See the
    GNU Lesser General Public License for more details.

    You should have received a copy of the GNU Lesser General Public License
    along with this program. If not, see <http://www.gnu.org/licenses/>.

  -->

<odoo noupdate="1">

	<record id="category_01_demo" model="muk_dms.category">
        <field name="name">Internal</field>
    </record>
    
    <record id="category_02_demo" model="muk_dms.category">
        <field name="name">Human Resource</field>
        <field name="parent_category" ref="muk_dms.category_01_demo" />
    </record>
    
    <record id="category_03_demo" model="muk_dms.category">
        <field name="name">Contracts</field>
        <field name="parent_category" ref="muk_dms.category_02_demo" />
    </record>
    
    <record id="category_04_demo" model="muk_dms.category">
        <field name="name">Traveling</field>
        <field name="parent_category" ref="muk_dms.category_02_demo" />
    </record>
    
    <record id="category_05_demo" model="muk_dms.category">
        <field name="name">External</field>
    </record>  
    
    <record id="category_06_demo" model="muk_dms.category">
        <field name="name">News</field>
        <field name="parent_category" ref="muk_dms.category_05_demo" />
    </record>
    
</odoo>