<?xml version="1.0" encoding="utf-8"?>

<!--

    Copyright (c) 2017-2019 MuK IT GmbH.

    This file is part of MuK Documents 
    (see https://mukit.at).

    This program is free software: you can redistribute it and/or modify
    it under the terms of the GNU Lesser General Public License as published by
    the Free Software Foundation, either version 3 of the License, or
    (at your option) any later version.

    This program is distributed in the hope that it will be useful,
    but WITHOUT ANY WARRANTY; without even the implied warranty of
    MERCHANTABILITY or FITNESS FOR A PARTICULAR PURPOSE.  See the
    GNU Lesser General Public License for more details.

    You should have received a copy of the GNU Lesser General Public License
    along with this program. If not, see <http://www.gnu.org/licenses/>.

  -->

<odoo noupdate="1">
	
	<record id="file_01_demo" model="muk_dms.file">	    
		<field name="name">Sydney.jpg</field>
	    <field name="color" eval="1"/>
	    <field name="directory" ref="muk_dms.directory_06_demo" />
	    <field name="content" type="base64" file="muk_dms/demo/data/image01.jpg"/>
	    <field name="tags" eval="[(6, 0, [ref('muk_dms.tag_01_demo'), ref('muk_dms.tag_05_demo')])]" />
	</record>
	
	<record id="file_02_demo" model="muk_dms.file">	    
		<field name="name">Logo_01.jpg</field>
	    <field name="color" eval="1"/>
	    <field name="directory" ref="muk_dms.directory_07_demo" />
	    <field name="content" type="base64" file="muk_dms/demo/data/image02.jpg"/>
	</record>
	
	<record id="file_03_demo" model="muk_dms.file">	    
		<field name="name">Logo_02.jpg</field>
	    <field name="color" eval="1"/>
	    <field name="directory" ref="muk_dms.directory_07_demo" />
	    <field name="category" ref="muk_dms.category_02_demo" />
	    <field name="content" type="base64" file="muk_dms/demo/data/image03.jpg"/>
	</record>
	
	<record id="file_04_demo" model="muk_dms.file">	    
		<field name="name">Logo_03.jpg</field>
	    <field name="color" eval="1"/>
	    <field name="directory" ref="muk_dms.directory_07_demo" />
	    <field name="content" type="base64" file="muk_dms/demo/data/image04.jpg"/>
	</record>
	
	<record id="file_05_demo" model="muk_dms.file">	    
		<field name="name">Logo.svg</field>
	    <field name="color" eval="1"/>
	    <field name="directory" ref="muk_dms.directory_10_demo" />
	    <field name="category" ref="muk_dms.category_03_demo" />
	    <field name="content" type="base64" file="muk_dms/demo/data/vector.svg"/>
	</record>
	
	<record id="file_06_demo" model="muk_dms.file">	    
		<field name="name">Loop_01.wav</field>
	    <field name="color" eval="1"/>
	    <field name="directory" ref="muk_dms.directory_09_demo" />
	    <field name="content" type="base64" file="muk_dms/demo/data/audio01.wav"/>
	    <field name="tags" eval="[(6, 0, [ref('muk_dms.tag_01_demo'), ref('muk_dms.tag_03_demo')])]" />
	</record>
	
	<record id="file_07_demo" model="muk_dms.file">	     
		<field name="name">Loop_02.wav</field>
	    <field name="color" eval="2"/>
	    <field name="directory" ref="muk_dms.directory_09_demo" />
	    <field name="content" type="base64" file="muk_dms/demo/data/audio02.wav"/>
	    <field name="tags" eval="[(6, 0, [ref('muk_dms.tag_01_demo'), ref('muk_dms.tag_03_demo')])]" />
	</record>
	
	<record id="file_08_demo" model="muk_dms.file">	     
		<field name="name">Loop_03.mp3</field>
	    <field name="color" eval="2"/>
	    <field name="directory" ref="muk_dms.directory_09_demo" />
	    <field name="content" type="base64" file="muk_dms/demo/data/audio03.mp3"/>
	    <field name="tags" eval="[(6, 0, [ref('muk_dms.tag_01_demo'), ref('muk_dms.tag_03_demo')])]" />
	</record>
	
	<record id="file_09_demo" model="muk_dms.file">	      
		<field name="name">Loop_04.mp3</field>
	    <field name="color" eval="2"/>
	    <field name="directory" ref="muk_dms.directory_09_demo" />
	    <field name="content" type="base64" file="muk_dms/demo/data/audio04.mp3"/>
	    <field name="tags" eval="[(6, 0, [ref('muk_dms.tag_01_demo'), ref('muk_dms.tag_03_demo')])]" />
	</record>
	
	<record id="file_10_demo" model="muk_dms.file">	      
		<field name="name">Video.mp4</field>
	    <field name="color" eval="3"/>
	    <field name="directory" ref="muk_dms.directory_08_demo" />
	    <field name="content" type="base64" file="muk_dms/demo/data/video.mp4"/>
	    <field name="tags" eval="[(6, 0, [ref('muk_dms.tag_02_demo'), ref('muk_dms.tag_03_demo')])]" />
	</record>
	
	<record id="file_11_demo" model="muk_dms.file">	      
		<field name="name">Mail_01.eml</field>
	    <field name="color" eval="4"/>
	    <field name="directory" ref="muk_dms.directory_11_demo" />
	    <field name="content" type="base64" file="muk_dms/demo/data/mail01.eml"/>
	    <field name="category" ref="muk_dms.category_03_demo" />
	</record>
	
	<record id="file_12_demo" model="muk_dms.file">	      
		<field name="name">Mail_02.eml</field>
	    <field name="color" eval="4"/>
	    <field name="directory" ref="muk_dms.directory_11_demo" />
	    <field name="content" type="base64" file="muk_dms/demo/data/mail02.eml"/>
	</record>
	
	<record id="file_13_demo" model="muk_dms.file">	      
		<field name="name">Text.txt</field>
	    <field name="directory" ref="muk_dms.directory_12_demo" />
	    <field name="content" type="base64" file="muk_dms/demo/data/text.txt"/>
	    <field name="tags" eval="[(6, 0, [ref('muk_dms.tag_05_demo'), ref('muk_dms.tag_06_demo')])]" />
	</record>
	
	<record id="file_14_demo" model="muk_dms.file">	      
		<field name="name">ASPECTJ.aj</field>
	    <field name="directory" ref="muk_dms.directory_13_demo" />
	    <field name="content" type="base64" file="muk_dms/demo/data/code01.aj"/>
	    <field name="category" ref="muk_dms.category_01_demo" />
	</record>
	
	<record id="file_15_demo" model="muk_dms.file">	      
		<field name="name">Bash.sh</field>
	    <field name="directory" ref="muk_dms.directory_13_demo" />
	    <field name="content" type="base64" file="muk_dms/demo/data/code02.sh"/>
	</record>
	
	<record id="file_16_demo" model="muk_dms.file">	      
		<field name="name">C.c</field>
	    <field name="directory" ref="muk_dms.directory_13_demo" />
	    <field name="content" type="base64" file="muk_dms/demo/data/code03.c"/>
	</record>
	
	<record id="file_17_demo" model="muk_dms.file">	      
		<field name="name">Cplusplus.cc</field>
	    <field name="directory" ref="muk_dms.directory_13_demo" />
	    <field name="content" type="base64" file="muk_dms/demo/data/code04.cc"/>
	</record>
	
	<record id="file_18_demo" model="muk_dms.file">	      
		<field name="name">CSharp.cs</field>
	    <field name="directory" ref="muk_dms.directory_13_demo" />
	    <field name="content" type="base64" file="muk_dms/demo/data/code05.cs"/>
	</record>
	
	<record id="file_19_demo" model="muk_dms.file">	      
		<field name="name">COBOL.cbl</field>
	    <field name="directory" ref="muk_dms.directory_13_demo" />
	    <field name="content" type="base64" file="muk_dms/demo/data/code06.cbl"/>
	</record>
		
	<record id="file_20_demo" model="muk_dms.file">	      
		<field name="name">CoffeeScript.coffee</field>
	    <field name="directory" ref="muk_dms.directory_13_demo" />
	    <field name="content" type="base64" file="muk_dms/demo/data/code07.coffee"/>
	</record>
	
	<record id="file_21_demo" model="muk_dms.file">	      
		<field name="name">Fortran.f</field>
	    <field name="directory" ref="muk_dms.directory_13_demo" />
	    <field name="content" type="base64" file="muk_dms/demo/data/code08.f"/>
	</record>
	
	<record id="file_22_demo" model="muk_dms.file">	      
		<field name="name">Go.go</field>
	    <field name="directory" ref="muk_dms.directory_13_demo" />
	    <field name="content" type="base64" file="muk_dms/demo/data/code09.go"/>
	</record>
		
	<record id="file_23_demo" model="muk_dms.file">	      
		<field name="name">Groovy.groovy</field>
	    <field name="directory" ref="muk_dms.directory_13_demo" />
	    <field name="content" type="base64" file="muk_dms/demo/data/code10.groovy"/>
	</record>
	
	<record id="file_24_demo" model="muk_dms.file">	      
		<field name="name">Java.java</field>
	    <field name="directory" ref="muk_dms.directory_13_demo" />
	    <field name="content" type="base64" file="muk_dms/demo/data/code11.java"/>
	</record>
	
	<record id="file_25_demo" model="muk_dms.file">	      
		<field name="name">Scala.sc</field>
	    <field name="directory" ref="muk_dms.directory_13_demo" />
	    <field name="content" type="base64" file="muk_dms/demo/data/code12.sc"/>
	</record>

	<record id="file_26_demo" model="muk_dms.file">	      
		<field name="name">Sample.md</field>
	    <field name="directory" ref="muk_dms.directory_04_demo" />
	    <field name="content" type="base64" file="muk_dms/demo/data/markdown.md"/>
	</record>
	
	<record id="file_27_demo" model="muk_dms.file">	      
		<field name="name">Document_05.pdf</field>
	    <field name="color" eval="1"/>
	    <field name="directory" ref="muk_dms.directory_12_demo" />
	    <field name="content" type="base64" file="muk_dms/demo/data/document01.pdf"/>
	</record>
	
	<record id="file_28_demo" model="muk_dms.file">	      
		<field name="name">Slide_01.odp</field>
	    <field name="directory" ref="muk_dms.directory_14_demo" />
	    <field name="content" type="base64" file="muk_dms/demo/data/slide01.odp"/>
	</record>
	
	<record id="file_29_demo" model="muk_dms.file">	      
		<field name="name">Slide_02.ppt</field>
	    <field name="directory" ref="muk_dms.directory_14_demo" />
	    <field name="content" type="base64" file="muk_dms/demo/data/slide02.ppt"/>
	</record>
	
	<record id="file_30_demo" model="muk_dms.file">	      
		<field name="name">Document_02.doc</field>
	    <field name="color" eval="5"/>
	    <field name="directory" ref="muk_dms.directory_12_demo" />
	    <field name="content" type="base64" file="muk_dms/demo/data/document02.doc"/>
	</record>
	
	<record id="file_31_demo" model="muk_dms.file">	      
		<field name="name">Document_03.odt</field>
	    <field name="color" eval="5"/>
	    <field name="directory" ref="muk_dms.directory_12_demo" />
	    <field name="content" type="base64" file="muk_dms/demo/data/document03.odt"/>
	</record>

	<record id="file_32_demo" model="muk_dms.file">	      
		<field name="name">Sheet_01.xls</field>
	    <field name="color" eval="6"/>
	    <field name="directory" ref="muk_dms.directory_03_demo" />
	    <field name="content" type="base64" file="muk_dms/demo/data/sheet01.xls"/>
	</record>
	
	<record id="file_33_demo" model="muk_dms.file">	      
		<field name="name">Sheet_02.csv</field>
	    <field name="color" eval="6"/>
	    <field name="directory" ref="muk_dms.directory_03_demo" />
	    <field name="content" type="base64" file="muk_dms/demo/data/sheet02.csv"/>
	</record>
	
	<record id="file_34_demo" model="muk_dms.file">	      
		<field name="name">Sheet_03.ods</field>
	    <field name="color" eval="6"/>
	    <field name="directory" ref="muk_dms.directory_03_demo" />
	    <field name="content" type="base64" file="muk_dms/demo/data/sheet03.ods"/>
	</record>
	
	<record id="file_35_demo" model="muk_dms.file">	      
		<field name="name">Document_04.rtf</field>
	    <field name="color" eval="6"/>
	    <field name="directory" ref="muk_dms.directory_03_demo" />
	    <field name="content" type="base64" file="muk_dms/demo/data/document04.rtf"/>
	</record>
	
	<record id="file_36_demo" model="muk_dms.file">	      
		<field name="name">Text.rst</field>
	    <field name="color" eval="3"/>
	    <field name="directory" ref="muk_dms.directory_02_demo" />
	    <field name="content" type="base64" file="muk_dms/demo/data/text.rst"/>
	</record>

</odoo>