<?xml version="1.0" encoding="utf-8"?>

<!--

    Copyright (c) 2017-2019 MuK IT GmbH.

    This file is part of MuK Documents 
    (see https://mukit.at).

    This program is free software: you can redistribute it and/or modify
    it under the terms of the GNU Lesser General Public License as published by
    the Free Software Foundation, either version 3 of the License, or
    (at your option) any later version.

    This program is distributed in the hope that it will be useful,
    but WITHOUT ANY WARRANTY; without even the implied warranty of
    MERCHANTABILITY or FITNESS FOR A PARTICULAR PURPOSE.  See the
    GNU Lesser General Public License for more details.

    You should have received a copy of the GNU Lesser General Public License
    along with this program. If not, see <http://www.gnu.org/licenses/>.

  -->

<odoo noupdate="1">

	<record id="tag_01_demo" model="muk_dms.tag">
        <field name="name">Customer</field>
        <field name="color">1</field>
        <field name="category" ref="category_03_demo" />
    </record>
    
    <record id="tag_02_demo" model="muk_dms.tag">
        <field name="name">Partner</field>
        <field name="color">2</field>
        <field name="category" ref="category_03_demo" />
    </record>
    
    <record id="tag_03_demo" model="muk_dms.tag">
        <field name="name">Project</field>
        <field name="color">3</field>
        <field name="category" ref="category_04_demo" />
    </record>
    
    <record id="tag_04_demo" model="muk_dms.tag">
        <field name="name">Sales</field>
        <field name="color">4</field>
        <field name="category" ref="category_05_demo" />
    </record>
    
    <record id="tag_05_demo" model="muk_dms.tag">
        <field name="name">Portal</field>
        <field name="color">5</field>
        <field name="category" ref="category_05_demo" />
    </record>
        
    <record id="tag_06_demo" model="muk_dms.tag">
        <field name="name">Apps</field>
        <field name="color">6</field>
        <field name="category" ref="category_05_demo" />
    </record>
            
    <record id="tag_07_demo" model="muk_dms.tag">
        <field name="name">Accounting</field>
        <field name="color">7</field>
        <field name="category" ref="category_05_demo" />
    </record>
    
    <record id="tag_08_demo" model="muk_dms.tag">
        <field name="name">Customer Invoice</field>
        <field name="color">8</field>
        <field name="category" ref="category_05_demo" />
    </record>
    
    <record id="tag_09_demo" model="muk_dms.tag">
        <field name="name">Vendor Bill</field>
        <field name="color">9</field>
        <field name="category" ref="category_05_demo" />
    </record>
    
    <record id="tag_10_demo" model="muk_dms.tag">
        <field name="name">Product</field>
        <field name="color">10</field>
        <field name="category" ref="category_06_demo" />
    </record>
    
    <record id="tag_11_demo" model="muk_dms.tag">
        <field name="name">Contract</field>
        <field name="color">11</field>
        <field name="category" ref="category_01_demo" />
    </record>
    
</odoo>